Make,Model,Trim,Km,Buying_Year,Fuel_Type,Transmission,State,Rating,Price
Bajaj,Discover,100cc,57925,2014,petrol,manual,Karnataka,5,21850
Bajaj,Discover,100cc,50519,2014,Diesel,manual,Karnataka,2,17065
Bajaj,Discover,100cc,57324,2014,Diesel,manual,Karnataka,3,16037
Bajaj,Discover,100cc,48083,2014,petrol,automatic,Karnataka,3,17652
Bajaj,Discover,100cc,41461,2014,petrol,manual,Karnataka,2,17657
Harley-Davidson,Street Bob,1585cc,42692,2015,Diesel,manual,Delhi,3,503402
Bajaj,Discover,100cc,45466,2014,Diesel,manual,Karnataka,5,17451
Bajaj,Discover,100cc,46790,2014,Diesel,manual,Karnataka,5,19204
Bajaj,Discover,100cc,48957,2014,petrol,manual,Karnataka,2,15762
Bajaj,Discover,100cc,42738,2014,petrol,manual,Karnataka,5,15135
Bajaj,Discover,100cc,43956,2014,Diesel,manual,Karnataka,0,20260
Bajaj,Discover,100cc,50053,2014,petrol,manual,Karnataka,4,16403
Bajaj,Discover,100cc,55135,2014,petrol,manual,Karnataka,1,21644
Bajaj,Discover,100cc,42277,2014,Diesel,manual,Karnataka,1,22133
Bajaj,Discover,100cc,50611,2014,petrol,manual,Karnataka,2,18162
Bajaj,Discover,100cc,44613,2014,Diesel,automatic,Karnataka,1,21233
Bajaj,Discover,100cc,47479,2014,Diesel,manual,Karnataka,3,16483
Bajaj,Discover,100cc,56766,2014,petrol,manual,Karnataka,2,15827
Harley-Davidson,Street Bob,1585cc,54524,2015,Diesel,manual,Karnataka,4,501845
Bajaj,Discover,100cc,52803,2014,Diesel,manual,Karnataka,1,17231
Harley-Davidson,Street Bob,1585cc,55304,2015,petrol,manual,Karnataka,2,531247
Bajaj,Discover,100cc,59612,2014,Diesel,manual,Karnataka,5,15234
Bajaj,Discover,100cc,58093,2014,petrol,manual,Delhi,0,16935
Bajaj,Discover,100cc,50044,2014,Diesel,manual,Karnataka,1,19753
Bajaj,Discover,100cc,55015,2014,Diesel,automatic,Karnataka,0,22780
Harley-Davidson,Street Bob,1585cc,56992,2015,Diesel,manual,Karnataka,2,516618
Harley-Davidson,Street Bob,1585cc,56367,2015,Diesel,manual,Karnataka,5,578403
Bajaj,Discover,100cc,58567,2014,Diesel,automatic,Karnataka,1,21759
Harley-Davidson,Street Bob,1585cc,58761,2015,Diesel,manual,Karnataka,4,537633
Bajaj,Discover,100cc,40583,2014,petrol,manual,Karnataka,5,17451
Harley-Davidson,Street Bob,1585cc,41809,2015,petrol,manual,Karnataka,2,522471
Bajaj,Discover,100cc,57272,2014,Diesel,manual,Karnataka,3,15374
Harley-Davidson,Street Bob,1585cc,57544,2015,Diesel,manual,Karnataka,1,501143
Harley-Davidson,Street Bob,1585cc,55424,2015,petrol,manual,Karnataka,4,509065
Bajaj,Discover,100cc,46678,2014,Diesel,manual,Karnataka,1,24724
Bajaj,Discover,100cc,58579,2014,petrol,manual,Karnataka,3,16349
Bajaj,Discover,100cc,50765,2014,petrol,manual,Karnataka,5,17733
Harley-Davidson,Street Bob,1585cc,54551,2015,petrol,manual,Karnataka,3,516279
Harley-Davidson,Street Bob,1585cc,47784,2015,Diesel,automatic,Karnataka,3,559390
Bajaj,Discover,100cc,52451,2014,petrol,manual,Delhi,0,18301
Bajaj,Discover,100cc,58186,2014,Diesel,manual,Karnataka,5,23957
Harley-Davidson,Street Bob,1585cc,40016,2015,petrol,manual,Karnataka,5,589404
Bajaj,Discover,100cc,49133,2014,Diesel,manual,Karnataka,1,23450
Harley-Davidson,Street Bob,1585cc,48976,2015,Diesel,manual,Karnataka,5,582958
Bajaj,Discover,100cc,54930,2014,petrol,manual,Karnataka,1,19246
Bajaj,Discover,100cc,57718,2014,petrol,automatic,Karnataka,3,17184
Bajaj,Discover,100cc,54646,2014,Diesel,manual,Karnataka,2,20692
Harley-Davidson,Street Bob,1585cc,46925,2015,petrol,manual,Karnataka,1,528109
Harley-Davidson,Street Bob,1585cc,56181,2015,Diesel,manual,Karnataka,1,507256
Bajaj,Discover,100cc,41464,2014,petrol,automatic,Karnataka,3,19867
Bajaj,Discover,100cc,52213,2014,petrol,manual,Karnataka,5,16805
Bajaj,Discover,100cc,58263,2014,petrol,manual,Karnataka,0,24896
Harley-Davidson,Street Bob,1585cc,57628,2015,Diesel,manual,Karnataka,4,501112
Harley-Davidson,Street Bob,1585cc,54945,2015,Diesel,manual,Karnataka,2,528142
Bajaj,Discover,100cc,43616,2014,Diesel,manual,Karnataka,0,18979
Bajaj,Discover,100cc,40629,2014,petrol,manual,Karnataka,0,20087
Bajaj,Discover,100cc,52173,2014,Diesel,manual,Delhi,0,17270
Bajaj,Discover,100cc,59780,2014,Diesel,manual,Karnataka,2,24570
Harley-Davidson,Street Bob,1585cc,47638,2015,petrol,manual,Karnataka,0,531764
Harley-Davidson,Street Bob,1585cc,45399,2015,petrol,manual,Karnataka,4,588312
Bajaj,Discover,100cc,49394,2014,petrol,automatic,Karnataka,5,20169
Harley-Davidson,Street Bob,1585cc,50621,2015,Diesel,manual,Karnataka,4,507968
Harley-Davidson,Street Bob,1585cc,52824,2015,petrol,automatic,Karnataka,2,597571
Harley-Davidson,Street Bob,1585cc,45645,2015,Diesel,automatic,Karnataka,0,599543
Harley-Davidson,Street Bob,1585cc,49859,2015,Diesel,manual,Karnataka,3,525036
Harley-Davidson,Street Bob,1585cc,45242,2015,petrol,manual,Karnataka,2,593171
Bajaj,Discover,100cc,51643,2014,petrol,manual,Karnataka,1,18524
Harley-Davidson,Street Bob,1585cc,51768,2015,Diesel,manual,Karnataka,4,577823
Bajaj,Discover,100cc,52584,2014,Diesel,manual,Karnataka,2,24668
Bajaj,Discover,100cc,49185,2014,petrol,manual,Karnataka,0,20385
Bajaj,Discover,100cc,43945,2014,Diesel,manual,Karnataka,4,20975
Harley-Davidson,Street Bob,1585cc,54982,2015,Diesel,manual,Karnataka,3,519034
Bajaj,Discover,100cc,55492,2014,Diesel,manual,Karnataka,5,17118
Harley-Davidson,Street Bob,1585cc,53400,2015,petrol,automatic,Karnataka,1,584927
Bajaj,Discover,100cc,50932,2014,Diesel,manual,Karnataka,5,19700
Bajaj,Discover,100cc,41857,2014,Diesel,manual,Karnataka,0,15889
Bajaj,Discover,100cc,46695,2014,petrol,manual,Karnataka,1,16511
Bajaj,Discover,100cc,53300,2014,petrol,manual,Karnataka,2,22955
Harley-Davidson,Street Bob,1585cc,57740,2015,petrol,manual,Karnataka,1,595835
Harley-Davidson,Street Bob,1585cc,40773,2015,Diesel,manual,Karnataka,4,515527
Harley-Davidson,Street Bob,1585cc,47967,2015,Diesel,manual,Karnataka,2,544603
Harley-Davidson,Street Bob,1585cc,51755,2015,Diesel,manual,Karnataka,2,599751
Bajaj,Discover,100cc,49511,2014,Diesel,automatic,Karnataka,2,15413
Harley-Davidson,Street Bob,1585cc,46126,2015,petrol,automatic,Karnataka,0,526048
Harley-Davidson,Street Bob,1585cc,51929,2015,petrol,automatic,Karnataka,2,513478
Bajaj,Discover,100cc,48321,2014,Diesel,manual,Karnataka,2,24061
Bajaj,Discover,100cc,49386,2014,Diesel,manual,Karnataka,3,19220
Harley-Davidson,Street Bob,1585cc,47186,2015,petrol,manual,Karnataka,2,550194
Bajaj,Discover,100cc,45641,2014,petrol,manual,Karnataka,0,19826
Bajaj,Discover,100cc,40950,2014,petrol,manual,Karnataka,4,16864
Harley-Davidson,Street Bob,1585cc,54309,2015,Diesel,manual,Karnataka,2,557184
Harley-Davidson,Street Bob,1585cc,42237,2015,petrol,manual,Karnataka,0,546832
Harley-Davidson,Street Bob,1585cc,47509,2015,petrol,manual,Karnataka,1,598982
Bajaj,Discover,100cc,55299,2014,petrol,manual,Karnataka,5,16574
Bajaj,Discover,100cc,56345,2014,petrol,manual,Karnataka,3,18917
Bajaj,Discover,100cc,42553,2014,Diesel,manual,Karnataka,5,19283
Bajaj,Discover,100cc,47802,2014,Diesel,automatic,Karnataka,4,16902
Bajaj,Discover,100cc,58545,2014,petrol,automatic,Karnataka,2,23404
Bajaj,Discover,100cc,58828,2014,petrol,manual,Karnataka,1,20710
Harley-Davidson,Street Bob,1585cc,40324,2015,Diesel,manual,Karnataka,0,540867
Bajaj,Discover,100cc,48469,2014,petrol,automatic,Karnataka,3,19865
Harley-Davidson,Street Bob,1585cc,53635,2015,petrol,manual,Karnataka,1,588794
Bajaj,Discover,100cc,40823,2014,petrol,automatic,Karnataka,4,17674
Bajaj,Discover,100cc,48634,2014,petrol,automatic,Karnataka,1,16867
Harley-Davidson,Street Bob,1585cc,54718,2015,petrol,automatic,Karnataka,4,540394
Bajaj,Discover,100cc,41527,2014,petrol,manual,Karnataka,0,20263
Harley-Davidson,Street Bob,1585cc,49119,2015,Diesel,manual,Karnataka,3,531149
Harley-Davidson,Street Bob,1585cc,55163,2015,Diesel,manual,Karnataka,0,511440
Harley-Davidson,Street Bob,1585cc,52248,2015,petrol,manual,Karnataka,3,542614
Bajaj,Discover,100cc,59737,2014,petrol,manual,Karnataka,4,15167
Harley-Davidson,Street Bob,1585cc,54609,2015,Diesel,manual,Karnataka,2,574227
Harley-Davidson,Street Bob,1585cc,40256,2015,Diesel,automatic,Karnataka,4,540193
Harley-Davidson,Street Bob,1585cc,57768,2015,petrol,manual,Karnataka,5,545438
Bajaj,Discover,100cc,56537,2014,petrol,manual,Karnataka,2,24067
Harley-Davidson,Street Bob,1585cc,47598,2015,Diesel,manual,Karnataka,1,520598
Bajaj,Discover,100cc,40168,2014,petrol,manual,Karnataka,4,20634
Bajaj,Discover,100cc,41153,2014,petrol,manual,Karnataka,1,18234
Harley-Davidson,Street Bob,1585cc,40474,2015,petrol,manual,Karnataka,3,592743
Harley-Davidson,Street Bob,1585cc,49889,2015,Diesel,manual,Karnataka,5,524507
Bajaj,Discover,100cc,53017,2014,petrol,manual,Karnataka,1,19291
Bajaj,Discover,100cc,53431,2014,Diesel,manual,Karnataka,4,19856
Harley-Davidson,Street Bob,1585cc,40208,2015,petrol,automatic,Karnataka,4,539651
Harley-Davidson,Street Bob,1585cc,57776,2015,Diesel,automatic,Karnataka,5,568352
Bajaj,Discover,100cc,54530,2014,Diesel,manual,Karnataka,4,21093
Bajaj,Discover,100cc,54925,2014,Diesel,manual,Karnataka,3,16439
Harley-Davidson,Street Bob,1585cc,45507,2015,petrol,manual,Karnataka,1,533397
Bajaj,Discover,100cc,49101,2014,petrol,manual,Karnataka,5,18956
Harley-Davidson,Street Bob,1585cc,48842,2015,Diesel,manual,Karnataka,0,543335
Harley-Davidson,Street Bob,1585cc,42135,2015,Diesel,manual,Karnataka,0,563206
Harley-Davidson,Street Bob,1585cc,41042,2015,Diesel,manual,Karnataka,3,542563
Harley-Davidson,Street Bob,1585cc,50829,2015,Diesel,manual,Karnataka,2,567648
Bajaj,Discover,100cc,54463,2014,petrol,automatic,Karnataka,5,19899
Harley-Davidson,Street Bob,1585cc,42407,2015,petrol,manual,Karnataka,5,596781
Bajaj,Discover,100cc,51519,2014,petrol,manual,Karnataka,2,20781
Bajaj,Discover,100cc,55461,2014,Diesel,automatic,Karnataka,5,24850
Bajaj,Discover,100cc,51816,2014,Diesel,manual,Karnataka,3,24624
Harley-Davidson,Street Bob,1585cc,49714,2015,petrol,manual,Karnataka,3,575423
Harley-Davidson,Street Bob,1585cc,55941,2015,Diesel,automatic,Karnataka,0,562537
Bajaj,Discover,100cc,54337,2014,Diesel,manual,Karnataka,3,20421
Harley-Davidson,Street Bob,1585cc,54027,2015,Diesel,manual,Karnataka,2,586593
Bajaj,Discover,100cc,51747,2014,Diesel,automatic,Karnataka,3,23548
Harley-Davidson,Street Bob,1585cc,52780,2015,Diesel,manual,Karnataka,4,514643
Harley-Davidson,Street Bob,1585cc,46404,2015,petrol,manual,Karnataka,0,534798
Bajaj,Discover,100cc,56526,2014,Diesel,manual,Karnataka,4,15949
Bajaj,Discover,100cc,48619,2014,petrol,manual,Karnataka,3,24036
Bajaj,Discover,100cc,45302,2014,Diesel,automatic,Karnataka,0,23663
Harley-Davidson,Street Bob,1585cc,42186,2015,petrol,manual,Karnataka,0,574472
Bajaj,Discover,100cc,47833,2014,Diesel,manual,Karnataka,4,18626
Bajaj,Discover,100cc,43109,2014,petrol,automatic,Karnataka,5,23618
Bajaj,Discover,100cc,51718,2014,petrol,manual,Karnataka,1,19463
Bajaj,Discover,100cc,55298,2014,petrol,manual,Karnataka,4,23858
Harley-Davidson,Street Bob,1585cc,46295,2015,petrol,manual,Karnataka,5,567884
Bajaj,Discover,100cc,56198,2014,petrol,manual,Karnataka,4,22964
Bajaj,Discover,100cc,45675,2014,petrol,manual,Karnataka,1,18508
Bajaj,Discover,100cc,59520,2014,Diesel,automatic,Karnataka,1,23973
Bajaj,Discover,100cc,54600,2014,petrol,manual,Karnataka,0,22260
Harley-Davidson,Street Bob,1585cc,54871,2015,petrol,manual,Karnataka,5,507073
Harley-Davidson,Street Bob,1585cc,56717,2015,Diesel,automatic,Karnataka,3,512927
Bajaj,Discover,100cc,49985,2014,petrol,manual,Karnataka,0,16957
Bajaj,Discover,100cc,55262,2014,petrol,manual,Karnataka,2,21909
Bajaj,Discover,100cc,45993,2014,petrol,manual,Karnataka,5,17284
Bajaj,Discover,100cc,51386,2014,petrol,automatic,Karnataka,3,16075
Harley-Davidson,Street Bob,1585cc,51658,2015,petrol,manual,Karnataka,3,589503
Bajaj,Discover,100cc,51742,2014,Diesel,automatic,Karnataka,2,20576
Harley-Davidson,Street Bob,1585cc,50393,2015,Diesel,manual,Karnataka,2,565957
Harley-Davidson,Street Bob,1585cc,59234,2015,petrol,manual,Karnataka,3,581070
Bajaj,Discover,100cc,54831,2014,Diesel,automatic,Karnataka,3,18004
Bajaj,Discover,100cc,42433,2014,Diesel,manual,Karnataka,0,21789
Harley-Davidson,Street Bob,1585cc,50101,2015,petrol,manual,Karnataka,1,588543
Bajaj,Discover,100cc,54247,2014,petrol,manual,Karnataka,1,23234
Bajaj,Discover,100cc,46080,2014,Diesel,manual,Karnataka,1,20028
Harley-Davidson,Street Bob,1585cc,55430,2015,petrol,manual,Karnataka,0,595584
Bajaj,Discover,100cc,58241,2014,Diesel,manual,Karnataka,1,20838
Bajaj,Discover,100cc,44129,2014,petrol,automatic,Karnataka,1,22290
Bajaj,Discover,100cc,47157,2014,Diesel,automatic,Karnataka,4,21945
Bajaj,Discover,100cc,56780,2014,petrol,manual,Karnataka,5,18905
Bajaj,Discover,100cc,57279,2014,petrol,manual,Karnataka,4,17718
Harley-Davidson,Street Bob,1585cc,54219,2015,Diesel,manual,Karnataka,2,569021
Bajaj,Discover,100cc,49841,2014,petrol,manual,Karnataka,0,16275
Harley-Davidson,Street Bob,1585cc,44605,2015,petrol,manual,Karnataka,2,581631
Harley-Davidson,Street Bob,1585cc,50647,2015,Diesel,manual,Karnataka,5,577315
Harley-Davidson,Street Bob,1585cc,51423,2015,Diesel,manual,Karnataka,0,571266
Bajaj,Discover,100cc,50121,2014,petrol,automatic,Karnataka,3,24906
Bajaj,Discover,100cc,53726,2014,petrol,manual,Karnataka,0,18739
Harley-Davidson,Street Bob,1585cc,58513,2015,Diesel,automatic,Karnataka,5,550492
Harley-Davidson,Street Bob,1585cc,55003,2015,Diesel,manual,Karnataka,3,538380
Harley-Davidson,Street Bob,1585cc,44787,2015,Diesel,manual,Karnataka,1,598545
Bajaj,Discover,100cc,45961,2014,petrol,manual,Karnataka,4,24602
Bajaj,Discover,100cc,48979,2014,Diesel,manual,Karnataka,4,16489
Bajaj,Discover,100cc,48895,2014,Diesel,automatic,Karnataka,4,17254
Bajaj,Discover,100cc,43445,2014,Diesel,manual,Karnataka,2,19242
Harley-Davidson,Street Bob,1585cc,57187,2015,petrol,manual,Karnataka,1,598973
Harley-Davidson,Street Bob,1585cc,59286,2015,petrol,manual,Karnataka,0,594519
Harley-Davidson,Street Bob,1585cc,48037,2015,Diesel,manual,Karnataka,3,553534
Harley-Davidson,Street Bob,1585cc,53034,2015,petrol,manual,Karnataka,2,529292
Harley-Davidson,Street Bob,1585cc,52857,2015,Diesel,automatic,Karnataka,0,579601
Bajaj,Discover,100cc,54417,2014,petrol,manual,Karnataka,2,17452
Bajaj,Discover,100cc,53045,2014,petrol,manual,Karnataka,0,16197
Harley-Davidson,Street Bob,1585cc,41919,2015,petrol,manual,Karnataka,0,574482
Harley-Davidson,Street Bob,1585cc,42505,2015,petrol,automatic,Karnataka,2,546388
Harley-Davidson,Street Bob,1585cc,50820,2015,petrol,manual,Karnataka,5,576158
Harley-Davidson,Street Bob,1585cc,44454,2015,Diesel,manual,Karnataka,2,549237
Harley-Davidson,Street Bob,1585cc,51823,2015,petrol,manual,Karnataka,1,510407
Bajaj,Discover,100cc,53157,2014,petrol,automatic,Karnataka,5,18030
Bajaj,Discover,100cc,48229,2014,Diesel,manual,Karnataka,5,18240
Bajaj,Discover,100cc,50922,2014,petrol,manual,Karnataka,0,17383
Harley-Davidson,Street Bob,1585cc,47106,2015,petrol,manual,Karnataka,2,510814
Harley-Davidson,Street Bob,1585cc,47882,2015,Diesel,manual,Karnataka,3,535683
Bajaj,Discover,100cc,44148,2014,Diesel,automatic,Karnataka,2,15288
Bajaj,Discover,100cc,48407,2014,petrol,manual,Karnataka,0,21232
Bajaj,Discover,100cc,58771,2014,petrol,manual,Karnataka,4,22506
Harley-Davidson,Street Bob,1585cc,58821,2015,Diesel,automatic,Karnataka,1,525993
Harley-Davidson,Street Bob,1585cc,47588,2015,Diesel,manual,Karnataka,5,595407
Bajaj,Discover,100cc,54738,2014,Diesel,manual,Karnataka,4,22283
Harley-Davidson,Street Bob,1585cc,51169,2015,petrol,automatic,Karnataka,0,531561
Harley-Davidson,Street Bob,1585cc,47485,2015,Diesel,manual,Karnataka,0,590675
Bajaj,Discover,100cc,45943,2014,petrol,manual,Karnataka,5,16185
Harley-Davidson,Street Bob,1585cc,54225,2015,petrol,manual,Karnataka,1,562531
Harley-Davidson,Street Bob,1585cc,56358,2015,petrol,automatic,Karnataka,0,594288
Bajaj,Discover,100cc,57971,2014,petrol,manual,Karnataka,5,19833
Bajaj,Discover,100cc,48509,2014,petrol,manual,Karnataka,1,21718
Bajaj,Discover,100cc,54883,2014,Diesel,manual,Karnataka,4,16103
Harley-Davidson,Street Bob,1585cc,43129,2015,Diesel,automatic,Karnataka,0,544879
Harley-Davidson,Street Bob,1585cc,40065,2015,Diesel,manual,Karnataka,0,500667
Bajaj,Discover,100cc,51101,2014,petrol,manual,Karnataka,1,24700
Harley-Davidson,Street Bob,1585cc,55150,2015,Diesel,manual,Karnataka,3,556086
Harley-Davidson,Street Bob,1585cc,48916,2015,petrol,manual,Karnataka,1,529497
Bajaj,Discover,100cc,50714,2014,petrol,manual,Karnataka,3,19886
Harley-Davidson,Street Bob,1585cc,47971,2015,petrol,manual,Karnataka,5,520239
Harley-Davidson,Street Bob,1585cc,58456,2015,petrol,manual,Karnataka,2,535866
Bajaj,Discover,100cc,42088,2014,petrol,manual,Karnataka,3,23996
Harley-Davidson,Street Bob,1585cc,49536,2015,Diesel,manual,Karnataka,4,572177
Bajaj,Discover,100cc,40239,2014,Diesel,manual,Karnataka,2,20401
Bajaj,Discover,100cc,50530,2014,Diesel,automatic,Karnataka,3,18822
Bajaj,Discover,100cc,43379,2014,petrol,automatic,Karnataka,0,24734
Harley-Davidson,Street Bob,1585cc,50048,2015,petrol,manual,Karnataka,0,543564
Harley-Davidson,Street Bob,1585cc,47139,2015,petrol,manual,Karnataka,2,595721
Bajaj,Discover,100cc,52314,2014,petrol,manual,Karnataka,2,16704
Harley-Davidson,Street Bob,1585cc,46545,2015,petrol,automatic,Karnataka,0,594457
Bajaj,Discover,100cc,47167,2014,petrol,manual,Karnataka,2,17133
Harley-Davidson,Street Bob,1585cc,45919,2015,Diesel,automatic,Karnataka,3,514098
Bajaj,Discover,100cc,54843,2014,Diesel,automatic,Karnataka,2,19022
Bajaj,Discover,100cc,59110,2014,Diesel,manual,Karnataka,0,19365
Harley-Davidson,Street Bob,1585cc,48502,2015,petrol,manual,Karnataka,1,570690
Harley-Davidson,Street Bob,1585cc,50922,2015,Diesel,automatic,Karnataka,2,561420
Harley-Davidson,Street Bob,1585cc,47549,2015,Diesel,manual,Karnataka,4,530754
Harley-Davidson,Street Bob,1585cc,58477,2015,Diesel,automatic,Karnataka,2,575789
Harley-Davidson,Street Bob,1585cc,46839,2015,Diesel,automatic,Karnataka,4,598137
Bajaj,Discover,100cc,53495,2014,Diesel,automatic,Karnataka,3,21270
Harley-Davidson,Street Bob,1585cc,43484,2015,Diesel,manual,Karnataka,3,528075
Harley-Davidson,Street Bob,1585cc,45629,2015,petrol,automatic,Karnataka,3,596102
Bajaj,Discover,100cc,43117,2014,petrol,manual,Karnataka,3,18848
Harley-Davidson,Street Bob,1585cc,57384,2015,petrol,manual,Karnataka,2,567813
Bajaj,Discover,100cc,59053,2014,Diesel,automatic,Karnataka,3,17641
Harley-Davidson,Street Bob,1585cc,56966,2015,petrol,manual,Karnataka,0,560804
Harley-Davidson,Street Bob,1585cc,58925,2015,Diesel,manual,Karnataka,2,558116
Harley-Davidson,Street Bob,1585cc,46293,2015,petrol,automatic,Karnataka,4,516109
Bajaj,Discover,100cc,47342,2014,Diesel,manual,Karnataka,5,17492
Bajaj,Discover,100cc,42784,2014,Diesel,automatic,Karnataka,3,20735
Harley-Davidson,Street Bob,1585cc,40992,2015,Diesel,automatic,Karnataka,5,519467
Harley-Davidson,Street Bob,1585cc,56821,2015,Diesel,manual,Karnataka,0,506985
Bajaj,Discover,100cc,51364,2014,petrol,manual,Karnataka,1,16761
Bajaj,Discover,100cc,55647,2014,Diesel,manual,Karnataka,2,22282
Harley-Davidson,Street Bob,1585cc,46350,2015,petrol,manual,Karnataka,1,553379
Harley-Davidson,Street Bob,1585cc,53788,2015,petrol,manual,Karnataka,5,510627
Bajaj,Discover,100cc,50781,2014,Diesel,automatic,Karnataka,4,17124
Bajaj,Discover,100cc,40167,2014,petrol,automatic,Karnataka,5,24529
Harley-Davidson,Street Bob,1585cc,55524,2015,petrol,manual,Karnataka,3,512112
Bajaj,Discover,100cc,55087,2014,petrol,manual,Karnataka,2,18016
Bajaj,Discover,100cc,45110,2014,Diesel,manual,Karnataka,0,24795
Bajaj,Discover,100cc,56810,2014,Diesel,manual,Karnataka,4,20196
Harley-Davidson,Street Bob,1585cc,46798,2015,Diesel,manual,Karnataka,4,579794
Bajaj,Discover,100cc,58533,2014,Diesel,manual,Karnataka,4,22874
Harley-Davidson,Street Bob,1585cc,44012,2015,petrol,manual,Karnataka,5,500487
Bajaj,Discover,100cc,50250,2014,Diesel,manual,Karnataka,0,17090
Harley-Davidson,Street Bob,1585cc,43298,2015,petrol,manual,Karnataka,1,584522
Harley-Davidson,Street Bob,1585cc,49838,2015,petrol,manual,Karnataka,2,543638
Bajaj,Discover,100cc,51204,2014,petrol,manual,Karnataka,4,19420
Harley-Davidson,Street Bob,1585cc,58319,2015,Diesel,manual,Karnataka,5,534373
Bajaj,Discover,100cc,51691,2014,Diesel,automatic,Karnataka,3,15844
Bajaj,Discover,100cc,59343,2014,petrol,automatic,Karnataka,2,17870
Harley-Davidson,Street Bob,1585cc,43926,2015,Diesel,automatic,Karnataka,3,591938
Bajaj,Discover,100cc,59011,2014,Diesel,manual,Karnataka,4,21918
Bajaj,Discover,100cc,53011,2014,petrol,manual,Karnataka,3,15228
Harley-Davidson,Street Bob,1585cc,48847,2015,petrol,automatic,Karnataka,4,571737
Bajaj,Discover,100cc,50138,2014,petrol,manual,Karnataka,0,16636
Harley-Davidson,Street Bob,1585cc,40652,2015,Diesel,manual,Karnataka,5,511628
Bajaj,Discover,100cc,58031,2014,petrol,manual,Karnataka,0,24436
Bajaj,Discover,100cc,46587,2014,petrol,automatic,Karnataka,1,19398
Bajaj,Discover,100cc,54230,2014,Diesel,manual,Karnataka,5,17847
Harley-Davidson,Street Bob,1585cc,52785,2015,Diesel,manual,Karnataka,5,581052
Bajaj,Discover,100cc,52434,2014,Diesel,manual,Karnataka,5,21944
Bajaj,Discover,100cc,56168,2014,Diesel,manual,Karnataka,2,17382
Harley-Davidson,Street Bob,1585cc,59318,2015,petrol,manual,Karnataka,2,526151
Harley-Davidson,Street Bob,1585cc,50906,2015,Diesel,manual,Karnataka,2,550531
Harley-Davidson,Street Bob,1585cc,48401,2015,Diesel,manual,Karnataka,4,562131
Bajaj,Discover,100cc,55225,2014,petrol,automatic,Karnataka,0,17710
Harley-Davidson,Street Bob,1585cc,50327,2015,Diesel,automatic,Karnataka,2,548312
Harley-Davidson,Street Bob,1585cc,52333,2015,Diesel,manual,Karnataka,1,501246
Harley-Davidson,Street Bob,1585cc,51836,2015,petrol,automatic,Karnataka,0,515855
Bajaj,Discover,100cc,49381,2014,petrol,manual,Karnataka,3,21557
Harley-Davidson,Street Bob,1585cc,59079,2015,petrol,automatic,Karnataka,3,594259
Harley-Davidson,Street Bob,1585cc,43475,2015,petrol,automatic,Karnataka,1,578873
Bajaj,Discover,100cc,53116,2014,Diesel,manual,Karnataka,2,22445
Bajaj,Discover,100cc,51178,2014,Diesel,manual,Karnataka,5,17115
Bajaj,Discover,100cc,54343,2014,petrol,manual,Karnataka,4,24645
Bajaj,Discover,100cc,48064,2014,Diesel,automatic,Karnataka,0,15592
Harley-Davidson,Street Bob,1585cc,40115,2015,Diesel,manual,Karnataka,0,565460
Harley-Davidson,Street Bob,1585cc,45827,2015,Diesel,manual,Karnataka,5,581032
Harley-Davidson,Street Bob,1585cc,50777,2015,petrol,manual,Karnataka,1,534227
Bajaj,Discover,100cc,42059,2014,petrol,automatic,Karnataka,2,23499
Harley-Davidson,Street Bob,1585cc,58972,2015,Diesel,manual,Karnataka,1,561291
Harley-Davidson,Street Bob,1585cc,41747,2015,Diesel,automatic,Karnataka,2,563651
Harley-Davidson,Street Bob,1585cc,40742,2015,petrol,manual,Karnataka,0,546630
Harley-Davidson,Street Bob,1585cc,44460,2015,petrol,manual,Karnataka,1,516592
Harley-Davidson,Street Bob,1585cc,50958,2015,petrol,manual,Karnataka,1,505193
Bajaj,Discover,100cc,48637,2014,petrol,manual,Karnataka,4,22414
Harley-Davidson,Street Bob,1585cc,45844,2015,petrol,manual,Karnataka,1,503571
Harley-Davidson,Street Bob,1585cc,57819,2015,Diesel,manual,Karnataka,2,559400
Bajaj,Discover,100cc,44882,2014,Diesel,manual,Karnataka,3,16200
Bajaj,Discover,100cc,46395,2014,Diesel,manual,Karnataka,2,17373
Bajaj,Discover,100cc,56203,2014,petrol,manual,Karnataka,5,16321
Bajaj,Discover,100cc,41312,2014,Diesel,manual,Karnataka,3,21534
Harley-Davidson,Street Bob,1585cc,59370,2015,Diesel,manual,Karnataka,5,575083
Harley-Davidson,Street Bob,1585cc,50811,2015,Diesel,manual,Karnataka,1,519292
Bajaj,Discover,100cc,49717,2014,Diesel,automatic,Karnataka,2,19006
Harley-Davidson,Street Bob,1585cc,58807,2015,Diesel,manual,Karnataka,1,579123
Harley-Davidson,Street Bob,1585cc,53585,2015,Diesel,automatic,Karnataka,3,563335
Bajaj,Discover,100cc,43248,2014,Diesel,manual,Karnataka,4,22647
Bajaj,Discover,100cc,40218,2014,Diesel,automatic,Karnataka,1,18527
Bajaj,Discover,100cc,55206,2014,Diesel,manual,Karnataka,4,22288
Bajaj,Discover,100cc,51612,2014,Diesel,automatic,Karnataka,0,21624
Bajaj,Discover,100cc,54117,2014,Diesel,manual,Karnataka,2,21509
Bajaj,Discover,100cc,51994,2014,Diesel,automatic,Karnataka,2,18508
Harley-Davidson,Street Bob,1585cc,43339,2015,petrol,manual,Karnataka,0,557169
Harley-Davidson,Street Bob,1585cc,57042,2015,petrol,manual,Karnataka,1,582747
Bajaj,Discover,100cc,46235,2014,petrol,manual,Karnataka,1,17786
Bajaj,Discover,100cc,50170,2014,petrol,manual,Karnataka,1,19974
Harley-Davidson,Street Bob,1585cc,46840,2015,petrol,automatic,Karnataka,4,565200
Bajaj,Discover,100cc,56788,2014,Diesel,manual,Karnataka,4,15500
Harley-Davidson,Street Bob,1585cc,50201,2015,Diesel,manual,Karnataka,5,530033
Harley-Davidson,Street Bob,1585cc,56773,2015,Diesel,manual,Karnataka,4,578403
Bajaj,Discover,100cc,41221,2014,petrol,manual,Karnataka,5,23063
Harley-Davidson,Street Bob,1585cc,51815,2015,Diesel,manual,Karnataka,3,596593
Harley-Davidson,Street Bob,1585cc,43231,2015,Diesel,manual,Karnataka,1,571186
Harley-Davidson,Street Bob,1585cc,49359,2015,petrol,manual,Karnataka,4,565685
Bajaj,Discover,100cc,43930,2014,Diesel,automatic,Karnataka,0,22530
Bajaj,Discover,100cc,50043,2014,Diesel,manual,Karnataka,1,15914
Harley-Davidson,Street Bob,1585cc,47759,2015,petrol,manual,Karnataka,0,570105
Harley-Davidson,Street Bob,1585cc,53790,2015,petrol,manual,Karnataka,3,500142
Bajaj,Discover,100cc,45038,2014,petrol,manual,Karnataka,3,17896
Harley-Davidson,Street Bob,1585cc,52769,2015,Diesel,automatic,Karnataka,2,502810
Bajaj,Discover,100cc,59184,2014,Diesel,manual,Karnataka,4,23823
Harley-Davidson,Street Bob,1585cc,44235,2015,Diesel,manual,Karnataka,4,512385
Bajaj,Discover,100cc,46812,2014,Diesel,manual,Karnataka,1,20002
Bajaj,Discover,100cc,59673,2014,petrol,manual,Karnataka,0,16033
Bajaj,Discover,100cc,51663,2014,Diesel,automatic,Karnataka,4,19083
Harley-Davidson,Street Bob,1585cc,54463,2015,petrol,manual,Karnataka,0,522738
Harley-Davidson,Street Bob,1585cc,47651,2015,Diesel,automatic,Karnataka,1,565166
Bajaj,Discover,100cc,51123,2014,petrol,manual,Karnataka,0,17161
Bajaj,Discover,100cc,54746,2014,Diesel,manual,Karnataka,2,23843
Harley-Davidson,Street Bob,1585cc,47166,2015,petrol,manual,Karnataka,2,596108
Bajaj,Discover,100cc,43272,2014,Diesel,manual,Karnataka,4,24588
Harley-Davidson,Street Bob,1585cc,57673,2015,petrol,manual,Karnataka,1,505499
Harley-Davidson,Street Bob,1585cc,57054,2015,petrol,automatic,Karnataka,5,533420
Bajaj,Discover,100cc,50520,2014,Diesel,manual,Karnataka,3,15729
Bajaj,Discover,100cc,43238,2014,petrol,manual,Karnataka,0,16338
Harley-Davidson,Street Bob,1585cc,49250,2015,petrol,automatic,Karnataka,0,572826
Bajaj,Discover,100cc,44976,2014,Diesel,manual,Karnataka,3,15324
Harley-Davidson,Street Bob,1585cc,52555,2015,Diesel,manual,Karnataka,0,572329
Bajaj,Discover,100cc,40082,2014,petrol,manual,Karnataka,0,17087
Harley-Davidson,Street Bob,1585cc,42239,2015,Diesel,manual,Karnataka,5,522043
Harley-Davidson,Street Bob,1585cc,50271,2015,Diesel,manual,Karnataka,3,541806
Harley-Davidson,Street Bob,1585cc,47501,2015,petrol,automatic,Karnataka,0,595905
Bajaj,Discover,100cc,41152,2014,Diesel,automatic,Karnataka,4,20733
Bajaj,Discover,100cc,50223,2014,petrol,manual,Karnataka,4,18200
Bajaj,Discover,100cc,51318,2014,Diesel,manual,Karnataka,5,17436
Harley-Davidson,Street Bob,1585cc,59696,2015,petrol,manual,Karnataka,1,598977
Bajaj,Discover,100cc,49138,2014,Diesel,manual,Karnataka,0,20438
Harley-Davidson,Street Bob,1585cc,49194,2015,petrol,manual,Karnataka,1,500730
Harley-Davidson,Street Bob,1585cc,48741,2015,petrol,manual,Karnataka,5,525580
Harley-Davidson,Street Bob,1585cc,58532,2015,petrol,manual,Karnataka,5,528623
Bajaj,Discover,100cc,41041,2014,petrol,manual,Karnataka,3,17945
Bajaj,Discover,100cc,49562,2014,Diesel,manual,Karnataka,5,24886
Bajaj,Discover,100cc,57718,2014,Diesel,manual,Karnataka,4,23773
Harley-Davidson,Street Bob,1585cc,49777,2015,Diesel,manual,Karnataka,3,530834
Bajaj,Discover,100cc,41793,2014,Diesel,manual,Karnataka,1,17805
Harley-Davidson,Street Bob,1585cc,50985,2015,Diesel,manual,Karnataka,2,554877
Harley-Davidson,Street Bob,1585cc,48003,2015,petrol,manual,Karnataka,5,544949
Harley-Davidson,Street Bob,1585cc,56597,2015,Diesel,manual,Karnataka,5,591853
Harley-Davidson,Street Bob,1585cc,47868,2015,petrol,manual,Karnataka,2,502851
Bajaj,Discover,100cc,53253,2014,Diesel,manual,Karnataka,4,23745
Harley-Davidson,Street Bob,1585cc,40959,2015,petrol,automatic,Karnataka,1,509573
Harley-Davidson,Street Bob,1585cc,40287,2015,Diesel,manual,Karnataka,1,500178
Bajaj,Discover,100cc,57402,2014,Diesel,manual,Karnataka,2,17352
Bajaj,Discover,100cc,48799,2014,petrol,manual,Karnataka,4,22047
Bajaj,Discover,100cc,44400,2014,petrol,manual,Karnataka,0,21058
Harley-Davidson,Street Bob,1585cc,50890,2015,Diesel,manual,Karnataka,4,502746
Harley-Davidson,Street Bob,1585cc,57426,2015,Diesel,manual,Karnataka,1,524183
Bajaj,Discover,100cc,58069,2014,Diesel,manual,Karnataka,3,15964
Harley-Davidson,Street Bob,1585cc,43925,2015,Diesel,manual,Karnataka,1,505895
Harley-Davidson,Street Bob,1585cc,59073,2015,Diesel,manual,Karnataka,3,552560
Harley-Davidson,Street Bob,1585cc,56285,2015,Diesel,manual,Karnataka,4,549693
Harley-Davidson,Street Bob,1585cc,41248,2015,petrol,manual,Karnataka,5,502615
Bajaj,Discover,100cc,58724,2014,petrol,manual,Karnataka,0,18793
Harley-Davidson,Street Bob,1585cc,47279,2015,Diesel,manual,Karnataka,2,536216
Harley-Davidson,Street Bob,1585cc,51680,2015,petrol,manual,Karnataka,4,597829
Bajaj,Discover,100cc,59555,2014,Diesel,manual,Karnataka,3,15198
Harley-Davidson,Street Bob,1585cc,40988,2015,petrol,automatic,Karnataka,3,518535
Bajaj,Discover,100cc,54146,2014,Diesel,manual,Karnataka,5,19260
Harley-Davidson,Street Bob,1585cc,57048,2015,Diesel,manual,Karnataka,3,591986
Harley-Davidson,Street Bob,1585cc,50241,2015,Diesel,manual,Karnataka,3,501548
Bajaj,Discover,100cc,58877,2014,petrol,manual,Karnataka,1,23555
Bajaj,Discover,100cc,48716,2014,petrol,manual,Karnataka,2,19501
Bajaj,Discover,100cc,41424,2014,petrol,automatic,Karnataka,1,24004
Bajaj,Discover,100cc,54234,2014,Diesel,manual,Karnataka,1,16908
Bajaj,Discover,100cc,42481,2014,Diesel,automatic,Karnataka,5,23846
Bajaj,Discover,100cc,55665,2014,Diesel,manual,Karnataka,5,24803
Bajaj,Discover,100cc,50374,2014,Diesel,manual,Karnataka,1,16011
Harley-Davidson,Street Bob,1585cc,43400,2015,Diesel,manual,Karnataka,0,580719
Bajaj,Discover,100cc,48436,2014,petrol,manual,Karnataka,4,16803
Bajaj,Discover,100cc,41987,2014,Diesel,manual,Karnataka,3,20339
Bajaj,Discover,100cc,57232,2014,petrol,manual,Karnataka,0,21343
Bajaj,Discover,100cc,43046,2014,Diesel,manual,Karnataka,4,24321
Harley-Davidson,Street Bob,1585cc,51511,2015,Diesel,manual,Karnataka,2,507599
Harley-Davidson,Street Bob,1585cc,44853,2015,petrol,manual,Karnataka,3,541267
Harley-Davidson,Street Bob,1585cc,43035,2015,Diesel,manual,Karnataka,3,506331
Bajaj,Discover,100cc,45470,2014,petrol,manual,Karnataka,2,21024
Bajaj,Discover,100cc,49117,2014,Diesel,automatic,Karnataka,2,21147
Bajaj,Discover,100cc,43627,2014,Diesel,manual,Karnataka,2,24455
Harley-Davidson,Street Bob,1585cc,55826,2015,petrol,manual,Karnataka,2,581175
Harley-Davidson,Street Bob,1585cc,52554,2015,petrol,automatic,Karnataka,1,510553
Bajaj,Discover,100cc,55814,2014,Diesel,manual,Karnataka,3,17082
Harley-Davidson,Street Bob,1585cc,45664,2015,Diesel,manual,Karnataka,5,565292
Bajaj,Discover,100cc,46463,2014,Diesel,manual,Karnataka,5,22003
Harley-Davidson,Street Bob,1585cc,55439,2015,petrol,manual,Karnataka,2,599774
Harley-Davidson,Street Bob,1585cc,56160,2015,Diesel,manual,Karnataka,5,552407
Bajaj,Discover,100cc,56303,2014,Diesel,manual,Karnataka,4,23794
Bajaj,Discover,100cc,51505,2014,Diesel,automatic,Karnataka,5,20509
Harley-Davidson,Street Bob,1585cc,47512,2015,petrol,manual,Karnataka,1,566581
Harley-Davidson,Street Bob,1585cc,42875,2015,petrol,manual,Karnataka,0,552001
Bajaj,Discover,100cc,41435,2014,Diesel,manual,Karnataka,1,16685
Bajaj,Discover,100cc,56763,2014,petrol,automatic,Karnataka,1,15602
Harley-Davidson,Street Bob,1585cc,57760,2015,Diesel,automatic,Karnataka,3,530564
Harley-Davidson,Street Bob,1585cc,58840,2015,Diesel,manual,Karnataka,2,561659
Bajaj,Discover,100cc,42115,2014,petrol,automatic,Karnataka,2,19727
Harley-Davidson,Street Bob,1585cc,57562,2015,Diesel,manual,Karnataka,4,552042
Harley-Davidson,Street Bob,1585cc,45400,2015,Diesel,manual,Karnataka,4,596495
Bajaj,Discover,100cc,53070,2014,Diesel,manual,Karnataka,3,23597
Bajaj,Discover,100cc,45327,2014,Diesel,manual,Karnataka,5,17296
Bajaj,Discover,100cc,56524,2014,Diesel,manual,Karnataka,2,21656
Bajaj,Discover,100cc,53551,2014,petrol,manual,Karnataka,1,17331
Bajaj,Discover,100cc,50901,2014,Diesel,manual,Karnataka,3,19726
Harley-Davidson,Street Bob,1585cc,51986,2015,petrol,manual,Karnataka,1,522922
Harley-Davidson,Street Bob,1585cc,46518,2015,Diesel,manual,Karnataka,0,552664
Harley-Davidson,Street Bob,1585cc,56669,2015,Diesel,manual,Karnataka,5,552716
Harley-Davidson,Street Bob,1585cc,53938,2015,petrol,automatic,Karnataka,1,503000
Harley-Davidson,Street Bob,1585cc,42859,2015,petrol,manual,Karnataka,5,529186
Bajaj,Discover,100cc,53642,2014,petrol,automatic,Karnataka,1,17934
Bajaj,Discover,100cc,43999,2014,Diesel,manual,Karnataka,4,21931
Bajaj,Discover,100cc,51967,2014,Diesel,manual,Karnataka,2,17292
Harley-Davidson,Street Bob,1585cc,42479,2015,Diesel,manual,Karnataka,5,570686
Harley-Davidson,Street Bob,1585cc,46185,2015,Diesel,automatic,Karnataka,5,597911
Bajaj,Discover,100cc,48339,2014,Diesel,manual,Karnataka,5,17697
Bajaj,Discover,100cc,57605,2014,Diesel,manual,Karnataka,1,20784
Bajaj,Discover,100cc,45969,2014,petrol,manual,Karnataka,5,22263
Bajaj,Discover,100cc,53748,2014,Diesel,automatic,Karnataka,0,16700
Bajaj,Discover,100cc,46178,2014,Diesel,manual,Karnataka,5,18993
Harley-Davidson,Street Bob,1585cc,56136,2015,Diesel,manual,Karnataka,0,544940
Harley-Davidson,Street Bob,1585cc,43177,2015,Diesel,manual,Karnataka,3,517007
Bajaj,Discover,100cc,53562,2014,Diesel,manual,Karnataka,0,23412
Bajaj,Discover,100cc,56481,2014,petrol,manual,Karnataka,3,19228
Bajaj,Discover,100cc,50574,2014,petrol,automatic,Karnataka,0,16938
Harley-Davidson,Street Bob,1585cc,54548,2015,Diesel,manual,Karnataka,1,520733
Harley-Davidson,Street Bob,1585cc,52013,2015,Diesel,manual,Karnataka,3,561614
Harley-Davidson,Street Bob,1585cc,45742,2015,petrol,manual,Karnataka,2,560319
Harley-Davidson,Street Bob,1585cc,50486,2015,petrol,manual,Karnataka,3,565546
Harley-Davidson,Street Bob,1585cc,59860,2015,Diesel,manual,Karnataka,4,506614
Harley-Davidson,Street Bob,1585cc,49070,2015,petrol,manual,Karnataka,0,539006
Bajaj,Discover,100cc,50047,2014,Diesel,manual,Karnataka,0,23184
Harley-Davidson,Street Bob,1585cc,58690,2015,petrol,automatic,Karnataka,2,553201
Harley-Davidson,Street Bob,1585cc,59727,2015,Diesel,manual,Karnataka,3,596095
Harley-Davidson,Street Bob,1585cc,58721,2015,Diesel,manual,Karnataka,0,578107
Bajaj,Discover,100cc,51648,2014,petrol,automatic,Karnataka,1,20506
Harley-Davidson,Street Bob,1585cc,45720,2015,petrol,manual,Karnataka,5,566081
Harley-Davidson,Street Bob,1585cc,59218,2015,petrol,manual,Karnataka,4,588146
Harley-Davidson,Street Bob,1585cc,56623,2015,petrol,manual,Karnataka,0,545449
Bajaj,Discover,100cc,45206,2014,Diesel,manual,Karnataka,5,16312
Bajaj,Discover,100cc,54047,2014,petrol,manual,Karnataka,0,24150
Bajaj,Discover,100cc,51753,2014,Diesel,manual,Karnataka,0,20583
Harley-Davidson,Street Bob,1585cc,50012,2015,Diesel,manual,Karnataka,2,577184
Harley-Davidson,Street Bob,1585cc,53873,2015,petrol,manual,Karnataka,3,590106
Bajaj,Discover,100cc,53529,2014,Diesel,automatic,Karnataka,5,19126
Bajaj,Discover,100cc,50376,2014,Diesel,manual,Karnataka,3,24250
Bajaj,Discover,100cc,40934,2014,petrol,manual,Karnataka,2,17954
Harley-Davidson,Street Bob,1585cc,49717,2015,petrol,manual,Karnataka,5,584439
Bajaj,Discover,100cc,46974,2014,petrol,automatic,Karnataka,4,21363
Harley-Davidson,Street Bob,1585cc,46735,2015,petrol,manual,Karnataka,4,507061
Harley-Davidson,Street Bob,1585cc,44131,2015,petrol,manual,Karnataka,3,538589
Bajaj,Discover,100cc,58050,2014,petrol,manual,Karnataka,3,23779
Bajaj,Discover,100cc,42297,2014,Diesel,manual,Karnataka,0,18410
Bajaj,Discover,100cc,52295,2014,petrol,manual,Karnataka,2,17767
Bajaj,Discover,100cc,53949,2014,Diesel,manual,Karnataka,2,16329
Bajaj,Discover,100cc,56270,2014,petrol,manual,Karnataka,5,20026
Harley-Davidson,Street Bob,1585cc,57706,2015,petrol,automatic,Karnataka,4,593674
Harley-Davidson,Street Bob,1585cc,57174,2015,Diesel,automatic,Karnataka,1,563060
Harley-Davidson,Street Bob,1585cc,52169,2015,Diesel,manual,Karnataka,4,524726
Harley-Davidson,Street Bob,1585cc,57135,2015,petrol,manual,Karnataka,4,576175
Harley-Davidson,Street Bob,1585cc,47871,2015,petrol,manual,Karnataka,5,533218
Harley-Davidson,Street Bob,1585cc,56577,2015,Diesel,manual,Karnataka,5,593171
Harley-Davidson,Street Bob,1585cc,49126,2015,petrol,manual,Karnataka,4,570562
Bajaj,Discover,100cc,43045,2014,Diesel,manual,Karnataka,5,19690
Bajaj,Discover,100cc,41085,2014,petrol,manual,Karnataka,0,22020
Harley-Davidson,Street Bob,1585cc,55741,2015,Diesel,manual,Karnataka,5,566768
Bajaj,Discover,100cc,41296,2014,Diesel,automatic,Karnataka,4,17230
Bajaj,Discover,100cc,53724,2014,Diesel,manual,Karnataka,2,16441
Bajaj,Discover,100cc,58884,2014,petrol,automatic,Karnataka,3,21352
Harley-Davidson,Street Bob,1585cc,45208,2015,petrol,manual,Karnataka,5,551862
Bajaj,Discover,100cc,42447,2014,petrol,manual,Karnataka,0,18618
Harley-Davidson,Street Bob,1585cc,40394,2015,Diesel,manual,Karnataka,2,537128
Harley-Davidson,Street Bob,1585cc,42973,2015,petrol,automatic,Karnataka,0,580983
Harley-Davidson,Street Bob,1585cc,49182,2015,Diesel,manual,Karnataka,5,542178
Harley-Davidson,Street Bob,1585cc,40325,2015,Diesel,manual,Karnataka,1,539444
Harley-Davidson,Street Bob,1585cc,44800,2015,petrol,automatic,Karnataka,5,511840
Harley-Davidson,Street Bob,1585cc,42591,2015,petrol,automatic,Karnataka,5,581273
Bajaj,Discover,100cc,51206,2014,petrol,manual,Karnataka,3,16770
Bajaj,Discover,100cc,44206,2014,petrol,manual,Karnataka,5,19140
Harley-Davidson,Street Bob,1585cc,53073,2015,petrol,manual,Karnataka,0,561417
Harley-Davidson,Street Bob,1585cc,53293,2015,Diesel,manual,Karnataka,1,508114
Bajaj,Discover,100cc,57590,2014,Diesel,automatic,Karnataka,1,15540
Harley-Davidson,Street Bob,1585cc,58281,2015,petrol,manual,Karnataka,3,591026
Harley-Davidson,Street Bob,1585cc,46592,2015,Diesel,manual,Karnataka,2,503228
Harley-Davidson,Street Bob,1585cc,55322,2015,petrol,automatic,Karnataka,1,581702
Bajaj,Discover,100cc,47096,2014,Diesel,automatic,Karnataka,5,15481
Harley-Davidson,Street Bob,1585cc,45986,2015,petrol,manual,Karnataka,5,530852
Bajaj,Discover,100cc,50103,2014,petrol,manual,Karnataka,5,21096
Harley-Davidson,Street Bob,1585cc,44858,2015,Diesel,manual,Karnataka,4,508776
Harley-Davidson,Street Bob,1585cc,44922,2015,petrol,manual,Karnataka,4,501412
Harley-Davidson,Street Bob,1585cc,51565,2015,Diesel,automatic,Karnataka,5,531640
Harley-Davidson,Street Bob,1585cc,44222,2015,Diesel,manual,Karnataka,4,502371
Harley-Davidson,Street Bob,1585cc,53882,2015,Diesel,manual,Karnataka,2,504409
Bajaj,Discover,100cc,45120,2014,petrol,automatic,Karnataka,2,24050
Bajaj,Discover,100cc,41346,2014,Diesel,manual,Karnataka,1,23720
Bajaj,Discover,100cc,59285,2014,petrol,manual,Karnataka,2,18529
Bajaj,Discover,100cc,44183,2014,petrol,manual,Karnataka,0,22479
Harley-Davidson,Street Bob,1585cc,49305,2015,Diesel,automatic,Karnataka,2,512972
Bajaj,Discover,100cc,51307,2014,Diesel,manual,Karnataka,1,15341
Bajaj,Discover,100cc,46494,2014,petrol,manual,Karnataka,0,15991
Harley-Davidson,Street Bob,1585cc,51907,2015,Diesel,automatic,Karnataka,1,547894
Bajaj,Discover,100cc,57608,2014,petrol,manual,Karnataka,1,21559
Bajaj,Discover,100cc,51085,2014,petrol,manual,Karnataka,0,17965
Bajaj,Discover,100cc,41362,2014,petrol,manual,Karnataka,1,19055
Bajaj,Discover,100cc,49897,2014,petrol,manual,Karnataka,3,19971
Harley-Davidson,Street Bob,1585cc,57726,2015,Diesel,automatic,Karnataka,2,525136
Bajaj,Discover,100cc,44761,2014,petrol,automatic,Karnataka,4,16784
Bajaj,Discover,100cc,59280,2014,petrol,manual,Karnataka,2,22514
Harley-Davidson,Street Bob,1585cc,47651,2015,petrol,manual,Karnataka,4,562407
Harley-Davidson,Street Bob,1585cc,57289,2015,petrol,manual,Karnataka,1,522259
Harley-Davidson,Street Bob,1585cc,51894,2015,Diesel,manual,Karnataka,5,587441
Bajaj,Discover,100cc,52109,2014,petrol,automatic,Karnataka,2,18576
Bajaj,Discover,100cc,47134,2014,petrol,manual,Karnataka,1,23462
Bajaj,Discover,100cc,44575,2014,Diesel,automatic,Karnataka,3,21939
Bajaj,Discover,100cc,44736,2014,Diesel,manual,Karnataka,2,17852
Bajaj,Discover,100cc,56178,2014,petrol,manual,Karnataka,4,17406
Harley-Davidson,Street Bob,1585cc,56942,2015,Diesel,manual,Karnataka,3,523811
Harley-Davidson,Street Bob,1585cc,57108,2015,petrol,manual,Karnataka,3,584701
Bajaj,Discover,100cc,59027,2014,petrol,manual,Karnataka,5,17819
Harley-Davidson,Street Bob,1585cc,54854,2015,petrol,automatic,Karnataka,5,599841
Bajaj,Discover,100cc,55085,2014,petrol,manual,Karnataka,2,18015
Bajaj,Discover,100cc,56316,2014,Diesel,automatic,Karnataka,0,21732
Harley-Davidson,Street Bob,1585cc,49386,2015,Diesel,manual,Karnataka,1,596623
Bajaj,Discover,100cc,51110,2014,petrol,manual,Karnataka,3,20207
Bajaj,Discover,100cc,58304,2014,Diesel,manual,Karnataka,3,15928
Harley-Davidson,Street Bob,1585cc,47441,2015,Diesel,manual,Karnataka,3,571072
Harley-Davidson,Street Bob,1585cc,58151,2015,Diesel,manual,Karnataka,4,511447
Bajaj,Discover,100cc,57747,2014,Diesel,manual,Karnataka,0,22278
Bajaj,Discover,100cc,47330,2014,petrol,automatic,Karnataka,2,20962
Bajaj,Discover,100cc,43144,2014,petrol,manual,Karnataka,1,23013
Bajaj,Discover,100cc,55769,2014,petrol,manual,Karnataka,4,22460
Harley-Davidson,Street Bob,1585cc,47778,2015,petrol,automatic,Karnataka,5,545739
Harley-Davidson,Street Bob,1585cc,47199,2015,petrol,manual,Karnataka,3,507332
Harley-Davidson,Street Bob,1585cc,49747,2015,petrol,manual,Karnataka,2,568874
Bajaj,Discover,100cc,44058,2014,Diesel,manual,Karnataka,4,20525
Harley-Davidson,Street Bob,1585cc,54943,2015,petrol,manual,Karnataka,1,593210
Bajaj,Discover,100cc,42627,2014,petrol,manual,Karnataka,1,16072
Harley-Davidson,Street Bob,1585cc,54733,2015,petrol,manual,Karnataka,5,576701
Bajaj,Discover,100cc,51818,2014,Diesel,automatic,Karnataka,4,16693
Bajaj,Discover,100cc,58300,2014,petrol,automatic,Karnataka,4,18767
Harley-Davidson,Street Bob,1585cc,41559,2015,petrol,manual,Karnataka,0,528243
Harley-Davidson,Street Bob,1585cc,52100,2015,Diesel,manual,Karnataka,5,514111
Bajaj,Discover,100cc,55392,2014,Diesel,manual,Karnataka,4,18559
Bajaj,Discover,100cc,51478,2014,Diesel,automatic,Karnataka,3,21228
Bajaj,Discover,100cc,53174,2014,petrol,manual,Karnataka,2,18975
Harley-Davidson,Street Bob,1585cc,59726,2015,petrol,manual,Karnataka,4,530018
Harley-Davidson,Street Bob,1585cc,55319,2015,petrol,manual,Karnataka,1,565617
Bajaj,Discover,100cc,54444,2014,Diesel,manual,Karnataka,4,16125
Harley-Davidson,Street Bob,1585cc,44323,2015,petrol,manual,Karnataka,2,509422
Harley-Davidson,Street Bob,1585cc,43118,2015,Diesel,manual,Karnataka,5,500832
Bajaj,Discover,100cc,47535,2014,Diesel,automatic,Karnataka,4,22053
Harley-Davidson,Street Bob,1585cc,43757,2015,petrol,manual,Karnataka,1,529386
Bajaj,Discover,100cc,55156,2014,Diesel,automatic,Karnataka,1,24114
Bajaj,Discover,100cc,55907,2014,petrol,manual,Karnataka,5,17073
Bajaj,Discover,100cc,54920,2014,petrol,manual,Karnataka,1,18982
Harley-Davidson,Street Bob,1585cc,49616,2015,petrol,manual,Karnataka,2,593775
Harley-Davidson,Street Bob,1585cc,42688,2015,Diesel,manual,Karnataka,1,543653
Bajaj,Discover,100cc,52839,2014,Diesel,manual,Karnataka,0,24653
Bajaj,Discover,100cc,40120,2014,Diesel,manual,Karnataka,5,22351
Harley-Davidson,Street Bob,1585cc,50887,2015,petrol,manual,Karnataka,4,511504
Bajaj,Discover,100cc,57263,2014,petrol,manual,Karnataka,0,23917
Bajaj,Discover,100cc,57179,2014,petrol,manual,Karnataka,1,21338
Bajaj,Discover,100cc,57277,2014,petrol,automatic,Karnataka,1,16363
Bajaj,Discover,100cc,41618,2014,Diesel,automatic,Karnataka,2,15836
Bajaj,Discover,100cc,41769,2014,Diesel,manual,Karnataka,4,17042
Bajaj,Discover,100cc,55522,2014,petrol,manual,Karnataka,0,16145
Bajaj,Discover,100cc,56503,2014,Diesel,manual,Karnataka,1,17935
Harley-Davidson,Street Bob,1585cc,45852,2015,Diesel,manual,Karnataka,4,530051
Bajaj,Discover,100cc,53012,2014,Diesel,manual,Karnataka,3,23615
Bajaj,Discover,100cc,58946,2014,petrol,manual,Karnataka,4,17408
Bajaj,Discover,100cc,54441,2014,Diesel,manual,Karnataka,3,21372
Harley-Davidson,Street Bob,1585cc,50524,2015,petrol,manual,Karnataka,0,592041
Harley-Davidson,Street Bob,1585cc,42521,2015,petrol,manual,Karnataka,5,581266
Harley-Davidson,Street Bob,1585cc,56637,2015,petrol,manual,Karnataka,4,576607
Bajaj,Discover,100cc,50567,2014,petrol,manual,Karnataka,1,18652
Bajaj,Discover,100cc,51106,2014,Diesel,manual,Karnataka,1,23823
Bajaj,Discover,100cc,53539,2014,petrol,manual,Karnataka,1,16076
Bajaj,Discover,100cc,47337,2014,Diesel,manual,Karnataka,2,15010
Harley-Davidson,Street Bob,1585cc,42211,2015,petrol,manual,Karnataka,3,538086
Bajaj,Discover,100cc,40428,2014,petrol,automatic,Karnataka,1,15718
Bajaj,Discover,100cc,56758,2014,Diesel,manual,Karnataka,4,17375
Bajaj,Discover,100cc,49914,2014,petrol,manual,Karnataka,2,15267
Bajaj,Discover,100cc,59629,2014,petrol,manual,Karnataka,3,22134
Bajaj,Discover,100cc,56908,2014,Diesel,automatic,Karnataka,2,20622
Harley-Davidson,Street Bob,1585cc,52261,2015,petrol,manual,Karnataka,5,508077
Bajaj,Discover,100cc,52628,2014,Diesel,manual,Karnataka,2,19249
Harley-Davidson,Street Bob,1585cc,55744,2015,Diesel,manual,Karnataka,3,512799
Harley-Davidson,Street Bob,1585cc,55120,2015,petrol,automatic,Karnataka,1,595211
Bajaj,Discover,100cc,44208,2014,Diesel,automatic,Karnataka,5,23003
Harley-Davidson,Street Bob,1585cc,44376,2015,petrol,automatic,Karnataka,5,507096
Harley-Davidson,Street Bob,1585cc,57348,2015,petrol,automatic,Karnataka,2,539032
Harley-Davidson,Street Bob,1585cc,58239,2015,Diesel,manual,Karnataka,1,553054
Bajaj,Discover,100cc,49812,2014,petrol,manual,Karnataka,5,23802
Harley-Davidson,Street Bob,1585cc,46187,2015,petrol,manual,Karnataka,3,560703
Bajaj,Discover,100cc,42119,2014,Diesel,manual,Karnataka,0,16520
Bajaj,Discover,100cc,47785,2014,Diesel,manual,Karnataka,0,23747
Bajaj,Discover,100cc,42745,2014,Diesel,manual,Karnataka,5,22047
Harley-Davidson,Street Bob,1585cc,51291,2015,Diesel,manual,Karnataka,4,528825
Bajaj,Discover,100cc,57300,2014,Diesel,manual,Karnataka,5,16333
Bajaj,Discover,100cc,41256,2014,petrol,manual,Karnataka,1,23972
Bajaj,Discover,100cc,55297,2014,Diesel,manual,Karnataka,4,17532
Bajaj,Discover,100cc,51623,2014,Diesel,manual,Karnataka,2,20667
Bajaj,Discover,100cc,57347,2014,petrol,manual,Karnataka,4,24368
Bajaj,Discover,100cc,51451,2014,Diesel,manual,Karnataka,5,15166
Harley-Davidson,Street Bob,1585cc,58564,2015,Diesel,manual,Karnataka,4,572916
Bajaj,Discover,100cc,55917,2014,Diesel,manual,Karnataka,0,20573
Harley-Davidson,Street Bob,1585cc,53664,2015,Diesel,automatic,Karnataka,3,581947
Bajaj,Discover,100cc,42189,2014,Diesel,automatic,Karnataka,0,15609
Bajaj,Discover,100cc,44109,2014,Diesel,manual,Karnataka,3,23290
Harley-Davidson,Street Bob,1585cc,43903,2015,Diesel,manual,Karnataka,3,586294
Bajaj,Discover,100cc,43137,2014,petrol,manual,Karnataka,5,22807
Bajaj,Discover,100cc,58951,2014,petrol,manual,Karnataka,5,15729
Bajaj,Discover,100cc,57682,2014,petrol,manual,Karnataka,1,22789
Bajaj,Discover,100cc,59480,2014,Diesel,manual,Karnataka,3,23653
Harley-Davidson,Street Bob,1585cc,59944,2015,petrol,manual,Karnataka,1,529117
Bajaj,Discover,100cc,41989,2014,Diesel,manual,Karnataka,2,18345
Harley-Davidson,Street Bob,1585cc,59131,2015,petrol,manual,Karnataka,4,569104
Bajaj,Discover,100cc,55477,2014,Diesel,manual,Karnataka,0,15987
Bajaj,Discover,100cc,48762,2014,Diesel,manual,Karnataka,5,22460
Harley-Davidson,Street Bob,1585cc,43700,2015,Diesel,manual,Karnataka,3,500954
Harley-Davidson,Street Bob,1585cc,50899,2015,petrol,automatic,Karnataka,3,516649
Bajaj,Discover,100cc,46939,2014,Diesel,manual,Karnataka,0,24106
Harley-Davidson,Street Bob,1585cc,47616,2015,petrol,manual,Karnataka,5,533120
Harley-Davidson,Street Bob,1585cc,47538,2015,petrol,manual,Karnataka,1,512920
Bajaj,Discover,100cc,50869,2014,Diesel,automatic,Karnataka,1,15627
Bajaj,Discover,100cc,57964,2014,Diesel,manual,Karnataka,3,17766
Bajaj,Discover,100cc,57006,2014,petrol,manual,Karnataka,3,23490
Harley-Davidson,Street Bob,1585cc,40696,2015,Diesel,manual,Karnataka,3,545706
Bajaj,Discover,100cc,43706,2014,petrol,manual,Karnataka,1,15772
Bajaj,Discover,100cc,59482,2014,Diesel,manual,Karnataka,2,17375
Harley-Davidson,Street Bob,1585cc,52955,2015,petrol,manual,Karnataka,0,549241
Bajaj,Discover,100cc,48351,2014,Diesel,manual,Karnataka,0,23660
Harley-Davidson,Street Bob,1585cc,50672,2015,Diesel,manual,Karnataka,0,513008
Harley-Davidson,Street Bob,1585cc,50656,2015,Diesel,automatic,Karnataka,1,506600
Harley-Davidson,Street Bob,1585cc,46136,2015,Diesel,manual,Karnataka,0,534820
Bajaj,Discover,100cc,59162,2014,petrol,manual,Karnataka,5,21529
Bajaj,Discover,100cc,47557,2014,petrol,manual,Karnataka,1,22338
Harley-Davidson,Street Bob,1585cc,45149,2015,petrol,manual,Karnataka,0,594254
Bajaj,Discover,100cc,47700,2014,Diesel,manual,Karnataka,4,20039
Harley-Davidson,Street Bob,1585cc,58559,2015,Diesel,manual,Karnataka,4,573494
Harley-Davidson,Street Bob,1585cc,48624,2015,Diesel,manual,Karnataka,2,523874
Harley-Davidson,Street Bob,1585cc,58069,2015,petrol,manual,Karnataka,1,580329
Bajaj,Discover,100cc,40134,2014,Diesel,manual,Karnataka,5,20653
Harley-Davidson,Street Bob,1585cc,57120,2015,Diesel,manual,Karnataka,0,533858
Bajaj,Discover,100cc,51211,2014,Diesel,manual,Karnataka,0,22126
Bajaj,Discover,100cc,42443,2014,petrol,manual,Karnataka,3,15496
Harley-Davidson,Street Bob,1585cc,45917,2015,petrol,automatic,Karnataka,5,520321
Bajaj,Discover,100cc,43151,2014,petrol,manual,Karnataka,1,21575
Bajaj,Discover,100cc,51565,2014,Diesel,manual,Karnataka,4,16245
Bajaj,Discover,100cc,48902,2014,petrol,automatic,Karnataka,4,19464
Bajaj,Discover,100cc,55881,2014,petrol,manual,Karnataka,2,15619
Bajaj,Discover,100cc,55174,2014,petrol,manual,Karnataka,1,20973
Bajaj,Discover,100cc,54459,2014,petrol,automatic,Karnataka,5,17897
Harley-Davidson,Street Bob,1585cc,49095,2015,petrol,manual,Karnataka,3,552167
Bajaj,Discover,100cc,54735,2014,Diesel,manual,Karnataka,2,22889
Bajaj,Discover,100cc,47473,2014,petrol,automatic,Karnataka,4,20890
Harley-Davidson,Street Bob,1585cc,43703,2015,Diesel,manual,Karnataka,4,547744
Harley-Davidson,Street Bob,1585cc,51274,2015,Diesel,manual,Karnataka,5,589349
Bajaj,Discover,100cc,51173,2014,petrol,manual,Karnataka,5,21731
Harley-Davidson,Street Bob,1585cc,46187,2015,petrol,manual,Karnataka,2,589218
Harley-Davidson,Street Bob,1585cc,44751,2015,petrol,manual,Karnataka,5,566746
Bajaj,Discover,100cc,55286,2014,Diesel,manual,Karnataka,2,17691
Harley-Davidson,Street Bob,1585cc,54568,2015,petrol,automatic,Karnataka,2,550232
Harley-Davidson,Street Bob,1585cc,40107,2015,Diesel,manual,Karnataka,3,594612
Harley-Davidson,Street Bob,1585cc,46438,2015,petrol,manual,Karnataka,3,543952
Bajaj,Discover,100cc,44881,2014,petrol,manual,Karnataka,1,21197
Harley-Davidson,Street Bob,1585cc,46389,2015,petrol,manual,Karnataka,1,540627
Harley-Davidson,Street Bob,1585cc,56467,2015,Diesel,manual,Karnataka,1,562762
Bajaj,Discover,100cc,59565,2014,Diesel,manual,Karnataka,0,22309
Harley-Davidson,Street Bob,1585cc,55885,2015,petrol,manual,Karnataka,3,536128
Harley-Davidson,Street Bob,1585cc,44672,2015,petrol,manual,Karnataka,5,552823
Bajaj,Discover,100cc,46688,2014,petrol,automatic,Karnataka,5,20380
Harley-Davidson,Street Bob,1585cc,42567,2015,Diesel,manual,Karnataka,5,537201
Bajaj,Discover,100cc,46254,2014,Diesel,manual,Karnataka,5,21700
Bajaj,Discover,100cc,56977,2014,petrol,manual,Karnataka,3,24199
Harley-Davidson,Street Bob,1585cc,44723,2015,petrol,automatic,Karnataka,5,525498
Bajaj,Discover,100cc,52414,2014,petrol,manual,Karnataka,0,19973
Harley-Davidson,Street Bob,1585cc,53687,2015,petrol,manual,Karnataka,5,542715
Bajaj,Discover,100cc,59976,2014,petrol,manual,Karnataka,2,21046
Harley-Davidson,Street Bob,1585cc,50980,2015,Diesel,manual,Karnataka,2,567293
Bajaj,Discover,100cc,53999,2014,petrol,manual,Karnataka,0,18049
Harley-Davidson,Street Bob,1585cc,51969,2015,Diesel,manual,Karnataka,0,582901
Bajaj,Discover,100cc,44758,2014,petrol,manual,Karnataka,3,16991
Harley-Davidson,Street Bob,1585cc,48450,2015,Diesel,manual,Karnataka,5,500998
Bajaj,Discover,100cc,47408,2014,petrol,manual,Karnataka,0,18249
Bajaj,Discover,100cc,46770,2014,petrol,manual,Karnataka,2,20890
Bajaj,Discover,100cc,52723,2014,Diesel,manual,Karnataka,3,19985
Bajaj,Discover,100cc,45253,2014,petrol,manual,Karnataka,5,20043
Bajaj,Discover,100cc,48083,2014,petrol,automatic,Karnataka,2,19643
Bajaj,Discover,100cc,43424,2014,petrol,manual,Karnataka,1,24202
Harley-Davidson,Street Bob,1585cc,46016,2015,petrol,manual,Karnataka,4,588501
Harley-Davidson,Street Bob,1585cc,41788,2015,petrol,manual,Karnataka,0,509837
Harley-Davidson,Street Bob,1585cc,45984,2015,petrol,manual,Karnataka,2,592802
Bajaj,Discover,100cc,56167,2014,Diesel,manual,Karnataka,1,17748
Harley-Davidson,Street Bob,1585cc,50629,2015,Diesel,manual,Karnataka,2,543380
Harley-Davidson,Street Bob,1585cc,51671,2015,Diesel,manual,Karnataka,4,507349
Harley-Davidson,Street Bob,1585cc,49411,2015,Diesel,manual,Karnataka,3,566218
Harley-Davidson,Street Bob,1585cc,58963,2015,petrol,automatic,Karnataka,5,586601
Bajaj,Discover,100cc,44404,2014,Diesel,automatic,Karnataka,0,23741
Bajaj,Discover,100cc,43393,2014,Diesel,manual,Karnataka,3,19907
Bajaj,Discover,100cc,41444,2014,Diesel,automatic,Karnataka,2,24880
Bajaj,Discover,100cc,55162,2014,Diesel,manual,Karnataka,4,22312
Bajaj,Discover,100cc,59829,2014,Diesel,manual,Karnataka,3,19151
Bajaj,Discover,100cc,48780,2014,Diesel,manual,Karnataka,2,16193
Bajaj,Discover,100cc,46643,2014,Diesel,manual,Karnataka,4,17152
Bajaj,Discover,100cc,42048,2014,Diesel,manual,Karnataka,2,20876
Harley-Davidson,Street Bob,1585cc,58756,2015,Diesel,manual,Karnataka,0,505001
Bajaj,Discover,100cc,42155,2014,Diesel,manual,Karnataka,5,16724
Bajaj,Discover,100cc,59971,2014,petrol,manual,Karnataka,0,20253
Bajaj,Discover,100cc,43693,2014,petrol,manual,Karnataka,5,20974
Bajaj,Discover,100cc,52692,2014,Diesel,automatic,Karnataka,0,15384
Harley-Davidson,Street Bob,1585cc,49673,2015,Diesel,manual,Karnataka,2,533432
Bajaj,Discover,100cc,43326,2014,petrol,manual,Karnataka,0,17060
Harley-Davidson,Street Bob,1585cc,40879,2015,petrol,manual,Karnataka,0,534888
Harley-Davidson,Street Bob,1585cc,54519,2015,Diesel,manual,Karnataka,3,515557
Bajaj,Discover,100cc,40482,2014,petrol,automatic,Karnataka,5,18200
Harley-Davidson,Street Bob,1585cc,46503,2015,Diesel,manual,Karnataka,2,535424
Bajaj,Discover,100cc,41289,2014,petrol,manual,Karnataka,0,21767
Harley-Davidson,Street Bob,1585cc,42915,2015,petrol,automatic,Karnataka,0,530503
Bajaj,Discover,100cc,56474,2014,petrol,manual,Karnataka,2,21861
Harley-Davidson,Street Bob,1585cc,52863,2015,Diesel,manual,Karnataka,0,568821
Harley-Davidson,Street Bob,1585cc,45110,2015,Diesel,manual,Karnataka,0,589467
Bajaj,Discover,100cc,42307,2014,Diesel,manual,Karnataka,0,16489
Bajaj,Discover,100cc,59851,2014,petrol,manual,Karnataka,5,19215
Bajaj,Discover,100cc,59915,2014,Diesel,automatic,Karnataka,3,22914
Harley-Davidson,Street Bob,1585cc,59828,2015,petrol,manual,Karnataka,4,599720
Harley-Davidson,Street Bob,1585cc,46089,2015,Diesel,manual,Karnataka,1,597804
Bajaj,Discover,100cc,58921,2014,Diesel,manual,Karnataka,1,19435
Bajaj,Discover,100cc,41421,2014,Diesel,automatic,Karnataka,3,22534
Bajaj,Discover,100cc,51380,2014,Diesel,automatic,Karnataka,0,21016
Bajaj,Discover,100cc,55868,2014,Diesel,automatic,Karnataka,4,19681
Harley-Davidson,Street Bob,1585cc,59438,2015,Diesel,manual,Karnataka,5,510808
Harley-Davidson,Street Bob,1585cc,40575,2015,Diesel,manual,Karnataka,5,530885
Bajaj,Discover,100cc,51785,2014,petrol,manual,Karnataka,1,20431
Bajaj,Discover,100cc,48922,2014,petrol,manual,Karnataka,1,17869
Bajaj,Discover,100cc,52139,2014,Diesel,manual,Karnataka,4,17031
Bajaj,Discover,100cc,46206,2014,petrol,manual,Karnataka,5,15472
Bajaj,Discover,100cc,44102,2014,Diesel,automatic,Karnataka,5,23245
Harley-Davidson,Street Bob,1585cc,54466,2015,petrol,automatic,Karnataka,3,507044
Bajaj,Discover,100cc,57304,2014,petrol,manual,Karnataka,2,22407
Harley-Davidson,Street Bob,1585cc,57071,2015,Diesel,automatic,Karnataka,4,524337
Harley-Davidson,Street Bob,1585cc,41883,2015,Diesel,manual,Karnataka,2,508798
Harley-Davidson,Street Bob,1585cc,43178,2015,petrol,manual,Karnataka,2,511312
Harley-Davidson,Street Bob,1585cc,44444,2015,Diesel,manual,Karnataka,4,559506
Bajaj,Discover,100cc,50243,2014,Diesel,automatic,Karnataka,3,16408
Bajaj,Discover,100cc,57632,2014,petrol,manual,Karnataka,1,21247
Bajaj,Discover,100cc,58694,2014,Diesel,manual,Karnataka,5,15366
Bajaj,Discover,100cc,41492,2014,petrol,manual,Karnataka,1,22633
Harley-Davidson,Street Bob,1585cc,56749,2015,Diesel,manual,Karnataka,2,500319
Harley-Davidson,Street Bob,1585cc,42614,2015,Diesel,manual,Karnataka,5,562668
Harley-Davidson,Street Bob,1585cc,51678,2015,Diesel,manual,Karnataka,5,586157
Bajaj,Discover,100cc,49366,2014,Diesel,manual,Karnataka,2,23554
Bajaj,Discover,100cc,49321,2014,Diesel,manual,Karnataka,4,16052
Bajaj,Discover,100cc,44741,2014,petrol,manual,Karnataka,0,19208
Bajaj,Discover,100cc,41509,2014,petrol,manual,Karnataka,2,22159
Bajaj,Discover,100cc,50742,2014,Diesel,manual,Karnataka,4,20531
Bajaj,Discover,100cc,41893,2014,Diesel,manual,Karnataka,1,19595
Harley-Davidson,Street Bob,1585cc,50700,2015,petrol,manual,Karnataka,1,586017
Bajaj,Discover,100cc,47953,2014,Diesel,manual,Karnataka,5,22599
Harley-Davidson,Street Bob,1585cc,41777,2015,petrol,manual,Karnataka,0,511012
Bajaj,Discover,100cc,48615,2014,Diesel,automatic,Karnataka,1,17618
Harley-Davidson,Street Bob,1585cc,51751,2015,petrol,manual,Karnataka,0,504987
Bajaj,Discover,100cc,56049,2014,Diesel,automatic,Karnataka,0,19475
Harley-Davidson,Street Bob,1585cc,43131,2015,Diesel,manual,Karnataka,0,524167
Harley-Davidson,Street Bob,1585cc,50676,2015,Diesel,manual,Karnataka,4,533175
Bajaj,Discover,100cc,56427,2014,Diesel,automatic,Karnataka,1,24278
Harley-Davidson,Street Bob,1585cc,47644,2015,Diesel,manual,Karnataka,3,520536
Harley-Davidson,Street Bob,1585cc,40311,2015,Diesel,manual,Karnataka,0,508336
Harley-Davidson,Street Bob,1585cc,53676,2015,petrol,manual,Karnataka,1,550652
Harley-Davidson,Street Bob,1585cc,50268,2015,Diesel,manual,Karnataka,4,569385
Harley-Davidson,Street Bob,1585cc,43732,2015,Diesel,automatic,Karnataka,1,554577
Bajaj,Discover,100cc,49868,2014,Diesel,manual,Karnataka,4,19732
Bajaj,Discover,100cc,44871,2014,petrol,manual,Karnataka,5,24210
Bajaj,Discover,100cc,55396,2014,Diesel,manual,Karnataka,4,23693
Harley-Davidson,Street Bob,1585cc,55744,2015,Diesel,automatic,Karnataka,5,511864
Harley-Davidson,Street Bob,1585cc,55669,2015,petrol,manual,Karnataka,2,532670
Harley-Davidson,Street Bob,1585cc,54606,2015,petrol,manual,Karnataka,4,588009
Harley-Davidson,Street Bob,1585cc,51566,2015,Diesel,manual,Karnataka,1,542073
Harley-Davidson,Street Bob,1585cc,53800,2015,Diesel,manual,Karnataka,3,570652
Bajaj,Discover,100cc,57534,2014,petrol,manual,Karnataka,5,22119
Bajaj,Discover,100cc,55967,2014,petrol,manual,Karnataka,1,19168
Bajaj,Discover,100cc,46551,2014,Diesel,manual,Karnataka,1,17918
Bajaj,Discover,100cc,44825,2014,Diesel,manual,Karnataka,2,22701
Bajaj,Discover,100cc,46118,2014,petrol,manual,Karnataka,5,21932
Harley-Davidson,Street Bob,1585cc,59695,2015,petrol,manual,Karnataka,0,561996
Harley-Davidson,Street Bob,1585cc,54292,2015,petrol,manual,Karnataka,0,560921
Harley-Davidson,Street Bob,1585cc,47937,2015,petrol,manual,Karnataka,1,591368
Harley-Davidson,Street Bob,1585cc,52152,2015,petrol,manual,Karnataka,4,528941
Bajaj,Discover,100cc,53153,2014,Diesel,manual,Karnataka,5,19945
Harley-Davidson,Street Bob,1585cc,49568,2015,petrol,automatic,Karnataka,5,553561
Bajaj,Discover,100cc,53620,2014,Diesel,manual,Karnataka,0,16400
Harley-Davidson,Street Bob,1585cc,54102,2015,petrol,manual,Karnataka,5,531574
Harley-Davidson,Street Bob,1585cc,57757,2015,Diesel,manual,Karnataka,0,581984
Harley-Davidson,Street Bob,1585cc,43617,2015,petrol,manual,Karnataka,3,587611
Bajaj,Discover,100cc,50720,2014,Diesel,manual,Karnataka,5,23266
Harley-Davidson,Street Bob,1585cc,55669,2015,petrol,manual,Karnataka,0,593140
Harley-Davidson,Street Bob,1585cc,43316,2015,petrol,automatic,Karnataka,2,532679
Bajaj,Discover,100cc,49794,2014,Diesel,manual,Karnataka,0,18815
Harley-Davidson,Street Bob,1585cc,44785,2015,Diesel,manual,Karnataka,1,570244
Bajaj,Discover,100cc,54396,2014,Diesel,manual,Karnataka,1,21912
Harley-Davidson,Street Bob,1585cc,59373,2015,Diesel,manual,Karnataka,3,583754
Harley-Davidson,Street Bob,1585cc,43557,2015,petrol,manual,Karnataka,3,502226
Bajaj,Discover,100cc,46009,2014,Diesel,manual,Karnataka,1,20920
Bajaj,Discover,100cc,48200,2014,petrol,manual,Karnataka,1,18019
Harley-Davidson,Street Bob,1585cc,52029,2015,petrol,manual,Karnataka,4,548097
Harley-Davidson,Street Bob,1585cc,53901,2015,petrol,manual,Karnataka,3,516038
Bajaj,Discover,100cc,41601,2014,Diesel,manual,Karnataka,3,22339
Harley-Davidson,Street Bob,1585cc,47799,2015,petrol,manual,Karnataka,4,556069
Bajaj,Discover,100cc,48900,2014,petrol,manual,Karnataka,0,16831
Bajaj,Discover,100cc,53545,2014,Diesel,manual,Karnataka,4,19079
Harley-Davidson,Street Bob,1585cc,48349,2015,petrol,manual,Karnataka,0,562063
Harley-Davidson,Street Bob,1585cc,56205,2015,Diesel,automatic,Karnataka,0,549307
Bajaj,Discover,100cc,42042,2014,petrol,manual,Karnataka,0,21718
Bajaj,Discover,100cc,59355,2014,Diesel,manual,Karnataka,1,23452
Bajaj,Discover,100cc,43679,2014,Diesel,manual,Karnataka,5,17839
Bajaj,Discover,100cc,56932,2014,Diesel,manual,Karnataka,3,20840
Harley-Davidson,Street Bob,1585cc,55282,2015,petrol,manual,Karnataka,4,556100
Bajaj,Discover,100cc,54138,2014,Diesel,manual,Karnataka,4,18982
Bajaj,Discover,100cc,57646,2014,petrol,manual,Karnataka,0,19601
Harley-Davidson,Street Bob,1585cc,57613,2015,petrol,manual,Karnataka,3,525937
Bajaj,Discover,100cc,40157,2014,Diesel,manual,Karnataka,5,17428
Bajaj,Discover,100cc,55288,2014,Diesel,manual,Karnataka,0,21046
Harley-Davidson,Street Bob,1585cc,49778,2015,Diesel,automatic,Karnataka,4,595750
Harley-Davidson,Street Bob,1585cc,40791,2015,Diesel,manual,Karnataka,2,579478
Harley-Davidson,Street Bob,1585cc,47832,2015,Diesel,manual,Karnataka,3,562319
Bajaj,Discover,100cc,41792,2014,petrol,manual,Karnataka,3,21177
Bajaj,Discover,100cc,48889,2014,Diesel,manual,Karnataka,1,20295
Harley-Davidson,Street Bob,1585cc,54903,2015,Diesel,manual,Karnataka,3,518121
Bajaj,Discover,100cc,46986,2014,Diesel,manual,Karnataka,0,23519
Bajaj,Discover,100cc,44404,2014,petrol,manual,Karnataka,3,18687
Bajaj,Discover,100cc,53981,2014,petrol,manual,Karnataka,0,23641
Harley-Davidson,Street Bob,1585cc,54838,2015,petrol,manual,Karnataka,0,573169
Harley-Davidson,Street Bob,1585cc,47277,2015,Diesel,manual,Karnataka,3,558015
Bajaj,Discover,100cc,51240,2014,Diesel,automatic,Karnataka,5,18435
Bajaj,Discover,100cc,47029,2014,Diesel,manual,Karnataka,3,24711
Bajaj,Discover,100cc,42334,2014,Diesel,manual,Karnataka,1,21270
Harley-Davidson,Street Bob,1585cc,41714,2015,petrol,manual,Karnataka,0,568462
Bajaj,Discover,100cc,56831,2014,petrol,manual,Karnataka,3,19170
Bajaj,Discover,100cc,59966,2014,petrol,automatic,Karnataka,2,20368
Bajaj,Discover,100cc,58930,2014,Diesel,manual,Karnataka,2,24486
Bajaj,Discover,100cc,45330,2014,Diesel,manual,Karnataka,5,21174
Harley-Davidson,Street Bob,1585cc,56436,2015,petrol,manual,Karnataka,2,572112
Bajaj,Discover,100cc,57819,2014,petrol,manual,Karnataka,0,19313
Harley-Davidson,Street Bob,1585cc,41151,2015,petrol,manual,Karnataka,5,502822
Harley-Davidson,Street Bob,1585cc,41549,2015,Diesel,manual,Karnataka,2,547555
Harley-Davidson,Street Bob,1585cc,45492,2015,Diesel,manual,Karnataka,1,506669
Bajaj,Discover,100cc,59990,2014,petrol,automatic,Karnataka,5,21687
Bajaj,Discover,100cc,59961,2014,Diesel,manual,Karnataka,2,20493
Harley-Davidson,Street Bob,1585cc,40486,2015,petrol,manual,Karnataka,1,597374
Bajaj,Discover,100cc,55166,2014,petrol,manual,Karnataka,3,17376
Harley-Davidson,Street Bob,1585cc,49287,2015,petrol,manual,Karnataka,0,503192
Bajaj,Discover,100cc,48208,2014,petrol,manual,Karnataka,0,17894
Harley-Davidson,Street Bob,1585cc,52897,2015,petrol,manual,Karnataka,3,535032
Harley-Davidson,Street Bob,1585cc,42627,2015,petrol,manual,Karnataka,5,502566
Bajaj,Discover,100cc,48086,2014,Diesel,manual,Karnataka,4,16544
Harley-Davidson,Street Bob,1585cc,42828,2015,Diesel,automatic,Karnataka,4,511528
Harley-Davidson,Street Bob,1585cc,41651,2015,Diesel,manual,Karnataka,3,540477
Bajaj,Discover,100cc,45553,2014,petrol,manual,Karnataka,4,15384
Harley-Davidson,Street Bob,1585cc,53479,2015,petrol,automatic,Karnataka,1,574273
Harley-Davidson,Street Bob,1585cc,40960,2015,petrol,manual,Karnataka,0,580164
Bajaj,Discover,100cc,46979,2014,Diesel,manual,Karnataka,5,15399
Bajaj,Discover,100cc,43535,2014,Diesel,manual,Karnataka,2,21715
Harley-Davidson,Street Bob,1585cc,54963,2015,Diesel,automatic,Karnataka,3,583426
Harley-Davidson,Street Bob,1585cc,56091,2015,petrol,automatic,Karnataka,5,576745
Harley-Davidson,Street Bob,1585cc,58003,2015,Diesel,manual,Karnataka,4,507618
Harley-Davidson,Street Bob,1585cc,53032,2015,Diesel,manual,Karnataka,1,556897
Bajaj,Discover,100cc,41597,2014,petrol,manual,Karnataka,5,21848
Harley-Davidson,Street Bob,1585cc,58619,2015,Diesel,manual,Karnataka,5,530072
Bajaj,Discover,100cc,51278,2014,Diesel,manual,Karnataka,2,19305
Bajaj,Discover,100cc,41817,2014,Diesel,manual,Karnataka,2,21295
Harley-Davidson,Street Bob,1585cc,52169,2015,Diesel,manual,Karnataka,3,546656
Harley-Davidson,Street Bob,1585cc,52950,2015,petrol,manual,Karnataka,5,543168
Harley-Davidson,Street Bob,1585cc,44507,2015,Diesel,manual,Karnataka,0,532362
Harley-Davidson,Street Bob,1585cc,48694,2015,Diesel,manual,Karnataka,0,596238
Harley-Davidson,Street Bob,1585cc,50152,2015,petrol,manual,Karnataka,4,551842
Harley-Davidson,Street Bob,1585cc,46199,2015,petrol,manual,Karnataka,3,507160
Harley-Davidson,Street Bob,1585cc,57562,2015,petrol,manual,Karnataka,5,588071
Harley-Davidson,Street Bob,1585cc,55258,2015,petrol,manual,Karnataka,3,574612
Harley-Davidson,Street Bob,1585cc,42934,2015,Diesel,manual,Karnataka,1,547086
Bajaj,Discover,100cc,56492,2014,petrol,automatic,Karnataka,5,18435
Harley-Davidson,Street Bob,1585cc,57602,2015,petrol,manual,Karnataka,0,543714
Bajaj,Discover,100cc,51732,2014,petrol,manual,Karnataka,3,18236
Bajaj,Discover,100cc,54622,2014,Diesel,automatic,Karnataka,3,20960
Bajaj,Discover,100cc,43515,2014,Diesel,automatic,Karnataka,4,22766
Harley-Davidson,Street Bob,1585cc,40413,2015,Diesel,manual,Karnataka,1,521554
Harley-Davidson,Street Bob,1585cc,41986,2015,Diesel,automatic,Karnataka,3,549247
Harley-Davidson,Street Bob,1585cc,50871,2015,petrol,manual,Karnataka,1,557778
Bajaj,Discover,100cc,59433,2014,Diesel,manual,Karnataka,5,23210
Harley-Davidson,Street Bob,1585cc,45960,2015,Diesel,automatic,Karnataka,4,581347
Harley-Davidson,Street Bob,1585cc,43361,2015,petrol,manual,Karnataka,2,553779
Bajaj,Discover,100cc,41500,2014,Diesel,manual,Karnataka,5,16692
Bajaj,Discover,100cc,49639,2014,Diesel,manual,Karnataka,4,16826
Harley-Davidson,Street Bob,1585cc,46994,2015,Diesel,manual,Karnataka,1,530882
Bajaj,Discover,100cc,55571,2014,Diesel,manual,Karnataka,3,17887
Harley-Davidson,Street Bob,1585cc,41060,2015,Diesel,manual,Karnataka,4,556636
Bajaj,Discover,100cc,54982,2014,petrol,manual,Karnataka,0,23158
Harley-Davidson,Street Bob,1585cc,49620,2015,Diesel,automatic,Karnataka,2,557118
Harley-Davidson,Street Bob,1585cc,54642,2015,petrol,manual,Karnataka,0,547261
Harley-Davidson,Street Bob,1585cc,56202,2015,Diesel,manual,Karnataka,2,576084
Harley-Davidson,Street Bob,1585cc,43768,2015,Diesel,manual,Karnataka,5,513178
Bajaj,Discover,100cc,59632,2014,petrol,manual,Karnataka,0,15257
Bajaj,Discover,100cc,59610,2014,Diesel,manual,Karnataka,1,21936
Harley-Davidson,Street Bob,1585cc,44305,2015,Diesel,automatic,Karnataka,1,598241
Harley-Davidson,Street Bob,1585cc,40295,2015,Diesel,manual,Karnataka,3,545286
Bajaj,Discover,100cc,57697,2014,Diesel,manual,Karnataka,1,15965
Harley-Davidson,Street Bob,1585cc,57134,2015,Diesel,manual,Karnataka,0,570074
Bajaj,Discover,100cc,47876,2014,petrol,manual,Karnataka,5,23552
Harley-Davidson,Street Bob,1585cc,44822,2015,Diesel,manual,Karnataka,4,522234
Harley-Davidson,Street Bob,1585cc,53500,2015,Diesel,manual,Karnataka,1,594815
Bajaj,Discover,100cc,43143,2014,Diesel,manual,Karnataka,3,22546
Bajaj,Discover,100cc,49009,2014,petrol,automatic,Karnataka,4,21090
Bajaj,Discover,100cc,54520,2014,Diesel,manual,Karnataka,0,24961
Bajaj,Discover,100cc,49539,2014,petrol,manual,Karnataka,3,23039
Harley-Davidson,Street Bob,1585cc,59250,2015,Diesel,manual,Karnataka,0,554326
Harley-Davidson,Street Bob,1585cc,55226,2015,petrol,automatic,Karnataka,2,542322
Bajaj,Discover,100cc,56238,2014,petrol,automatic,Karnataka,3,16434
Harley-Davidson,Street Bob,1585cc,44385,2015,petrol,manual,Karnataka,0,561754
Harley-Davidson,Street Bob,1585cc,44338,2015,Diesel,automatic,Karnataka,2,585433
Bajaj,Discover,100cc,42676,2014,petrol,manual,Karnataka,0,16494
Harley-Davidson,Street Bob,1585cc,46306,2015,Diesel,manual,Karnataka,5,560333
Bajaj,Discover,100cc,50657,2014,Diesel,manual,Karnataka,1,16606
Bajaj,Discover,100cc,41522,2014,petrol,manual,Karnataka,5,18366
Bajaj,Discover,100cc,46200,2014,Diesel,automatic,Karnataka,4,23887
Harley-Davidson,Street Bob,1585cc,49079,2015,petrol,manual,Karnataka,4,578784
Bajaj,Discover,100cc,48607,2014,Diesel,manual,Karnataka,0,21393
Bajaj,Discover,100cc,42894,2014,Diesel,manual,Karnataka,2,19857
Bajaj,Discover,100cc,48312,2014,Diesel,manual,Karnataka,3,16585
Bajaj,Discover,100cc,48265,2014,petrol,automatic,Karnataka,1,17750
Bajaj,Discover,100cc,42240,2014,Diesel,manual,Karnataka,2,18929
Bajaj,Discover,100cc,53287,2014,Diesel,automatic,Karnataka,2,20668
Bajaj,Discover,100cc,53233,2014,Diesel,manual,Karnataka,3,21896
Bajaj,Discover,100cc,56608,2014,petrol,automatic,Karnataka,3,18144
Harley-Davidson,Street Bob,1585cc,53328,2015,petrol,manual,Karnataka,5,594138
Bajaj,Discover,100cc,46817,2014,Diesel,manual,Karnataka,5,19437
Harley-Davidson,Street Bob,1585cc,48379,2015,Diesel,automatic,Karnataka,1,507916
Harley-Davidson,Street Bob,1585cc,57972,2015,Diesel,manual,Karnataka,1,538979
Bajaj,Discover,100cc,51351,2014,Diesel,manual,Karnataka,5,18200
Harley-Davidson,Street Bob,1585cc,49754,2015,Diesel,manual,Karnataka,2,546404
Bajaj,Discover,100cc,53066,2014,petrol,manual,Karnataka,5,24930
Harley-Davidson,Street Bob,1585cc,45238,2015,Diesel,manual,Karnataka,1,590256
Harley-Davidson,Street Bob,1585cc,51064,2015,Diesel,manual,Karnataka,4,582245
Bajaj,Discover,100cc,44920,2014,Diesel,manual,Karnataka,2,23523
Bajaj,Discover,100cc,47629,2014,Diesel,manual,Karnataka,3,22238
Bajaj,Discover,100cc,59009,2014,petrol,automatic,Karnataka,3,16810
Harley-Davidson,Street Bob,1585cc,51405,2015,Diesel,manual,Karnataka,3,597137
Harley-Davidson,Street Bob,1585cc,49378,2015,petrol,manual,Karnataka,3,591549
Harley-Davidson,Street Bob,1585cc,49164,2015,Diesel,manual,Karnataka,4,553554
Harley-Davidson,Street Bob,1585cc,48964,2015,petrol,automatic,Karnataka,2,584274
Harley-Davidson,Street Bob,1585cc,55058,2015,petrol,manual,Karnataka,4,527238
Bajaj,Discover,100cc,58393,2014,petrol,manual,Karnataka,2,17351
Harley-Davidson,Street Bob,1585cc,58764,2015,Diesel,manual,Karnataka,3,571217
Bajaj,Discover,100cc,56767,2014,Diesel,manual,Karnataka,1,19902
